"predictor","class of predictor","date","OR","OR CI min","OR CI max","significant","OR_permutation"
"Wk_Res_Municipality","Activity","2021-07-11",1.02,1.019,1.021,FALSE,1.05465799479085
"Wk_Res_County.Municipality","Activity","2021-07-11",1.131,1.13,1.133,TRUE,1.05465799479085
"Wk_Res_Region.County","Activity","2021-07-11",0.994,0.993,0.995,FALSE,1.05465799479085
"Wk_Res_Country.Region","Activity","2021-07-11",1.116,1.114,1.117,TRUE,1.05465799479085
"Wk_Dom_Com_Abroad","Activity","2021-07-11",1.022,1.021,1.023,FALSE,1.05465799479085
"noTransport_toWk","Activity","2021-07-11",1.103,1.102,1.104,TRUE,1.05465799479085
"Walk_toWk","Activity","2021-07-11",0.991,0.99,0.992,FALSE,1.05465799479085
"Bike_toWk","Activity","2021-07-11",1.088,1.086,1.089,TRUE,1.05465799479085
"Motorbike_toWk","Activity","2021-07-11",1.009,1.008,1.01,FALSE,1.05465799479085
"Drive_toWk","Activity","2021-07-11",1.06,1.059,1.061,TRUE,1.05465799479085
"D1_st_Living","Income","2021-07-11",1.251,1.25,1.253,TRUE,1.05465799479085
"D9_st_Living","Income","2021-07-11",1.095,1.093,1.096,TRUE,1.05465799479085
"Interdecile_91_Ratio","Income","2021-07-11",0.856,0.855,0.857,TRUE,1.05465799479085
"Taxable_HH","Income","2021-07-11",1.124,1.122,1.125,TRUE,1.05465799479085
"Poverty_amg_Tenants","Income","2021-07-11",0.828,0.827,0.829,TRUE,1.05465799479085
"Activity_Income","Income","2021-07-11",0.996,0.995,0.998,FALSE,1.05465799479085
"Unemployment_Benef","Income","2021-07-11",0.757,0.756,0.758,TRUE,1.05465799479085
"Self.Employment","Income","2021-07-11",1.071,1.07,1.072,TRUE,1.05465799479085
"Pensions_Annuities","Income","2021-07-11",1.064,1.063,1.065,TRUE,1.05465799479085
"Estate","Income","2021-07-11",1.091,1.09,1.092,TRUE,1.05465799479085
"Family_Benef","Income","2021-07-11",0.852,0.852,0.853,TRUE,1.05465799479085
"Housing_Benef","Income","2021-07-11",0.832,0.831,0.833,TRUE,1.05465799479085
"Tax","Income","2021-07-11",0.938,0.936,0.939,TRUE,1.05465799479085
"X0205_School","Education","2021-07-11",1.111,1.109,1.112,TRUE,1.05465799479085
"X0610_School","Education","2021-07-11",1.099,1.097,1.1,TRUE,1.05465799479085
"X1114_School","Education","2021-07-11",1.151,1.149,1.152,TRUE,1.05465799479085
"X1517_School","Education","2021-07-11",1.207,1.206,1.208,TRUE,1.05465799479085
"X1824_School","Education","2021-07-11",1.006,1.004,1.007,FALSE,1.05465799479085
"X2529_School","Education","2021-07-11",0.963,0.961,0.964,FALSE,1.05465799479085
"X30._School","Education","2021-07-11",0.899,0.898,0.9,TRUE,1.05465799479085
"X15._CertifGeneEducation_amg_WF","Education","2021-07-11",0.886,0.884,0.887,TRUE,1.05465799479085
"X15._HighSchoolGraduate_amg_WF","Education","2021-07-11",0.896,0.895,0.897,TRUE,1.05465799479085
"X15._HSG.2_amg_WF","Education","2021-07-11",1.08,1.079,1.081,TRUE,1.05465799479085
"X15._men_NoDiploma_amg_mWF","Education","2021-07-11",0.836,0.835,0.837,TRUE,1.05465799479085
"X15._men_VocationalGraduate_amg_mWF","Education","2021-07-11",1.115,1.114,1.116,TRUE,1.05465799479085
"X15._MenOnWomen_NoDiploma","Education","2021-07-11",0.813,0.812,0.814,TRUE,1.05465799479085
"X15._MenOnWomen_VocationalGraduate","Education","2021-07-11",1.066,1.064,1.067,TRUE,1.05465799479085
"X15._MenOnWomen_HighSchoolGraduate","Education","2021-07-11",1.038,1.037,1.039,FALSE,1.05465799479085
"X15._MenOnWomen_HighEducation","Education","2021-07-11",1.076,1.075,1.077,TRUE,1.05465799479085
"X1564_men_Workforce_rate","Employment","2021-07-11",1.063,1.062,1.065,TRUE,1.05465799479085
"X1524_men_Workforce_rate","Employment","2021-07-11",1.024,1.023,1.026,FALSE,1.05465799479085
"X5564_men_Workforce_rate","Employment","2021-07-11",0.924,0.923,0.925,TRUE,1.05465799479085
"X1524_women_Workforce_rate","Employment","2021-07-11",1.022,1.021,1.023,FALSE,1.05465799479085
"X2554_women_Workforce_rate","Employment","2021-07-11",1.274,1.273,1.276,TRUE,1.05465799479085
"X5564_women_Workforce_rate","Employment","2021-07-11",0.994,0.992,0.995,FALSE,1.05465799479085
"X1564_Employed_rate_amg_WF","Employment","2021-07-11",1.232,1.231,1.234,TRUE,1.05465799479085
"X1524_Employed_rate_amg_WF","Employment","2021-07-11",1.197,1.196,1.199,TRUE,1.05465799479085
"X5564_Employed_rate_amg_WF","Employment","2021-07-11",1.202,1.2,1.203,TRUE,1.05465799479085
"X1524_women_Employed_rate_amg_WF","Employment","2021-07-11",1.168,1.167,1.17,TRUE,1.05465799479085
"X1564_Student_amg_WF","Employment","2021-07-11",1,0.998,1.001,FALSE,1.05465799479085
"X1564_Student_amg_NW","Employment","2021-07-11",1.068,1.067,1.07,TRUE,1.05465799479085
"X1564_Retired_amg_NW","Employment","2021-07-11",1.203,1.201,1.204,TRUE,1.05465799479085
"X1564_OtherInactive_amg_NW","Employment","2021-07-11",0.808,0.808,0.809,TRUE,1.05465799479085
"X1564_CraftsBusinessShopkeepers_amg_WF","Employment","2021-07-11",0.966,0.965,0.967,FALSE,1.05465799479085
"X1564_HihgQualWorkers_amg_WF","Employment","2021-07-11",0.932,0.931,0.933,TRUE,1.05465799479085
"X1564_IntermediateProf_amg_WF","Employment","2021-07-11",0.9,0.898,0.901,TRUE,1.05465799479085
"X1564_BlueCollar_amg_WF","Employment","2021-07-11",1.074,1.072,1.075,TRUE,1.05465799479085
"X1564_WhiteCollar_amg_WF","Employment","2021-07-11",0.93,0.929,0.931,TRUE,1.05465799479085
"X1564_WhiteCollar_amg_EmpWF","Employment","2021-07-11",0.872,0.871,0.873,TRUE,1.05465799479085
"X15._men_amg_empWF","Employment","2021-07-11",1.074,1.073,1.075,TRUE,1.05465799479085
"X15._FullTime_amg_empWF","Employment","2021-07-11",1.032,1.031,1.033,FALSE,1.05465799479085
"X15._men_amg_salWF","Employment","2021-07-11",0.882,0.881,0.883,TRUE,1.05465799479085
"X15._men_amg_nonsalWF","Employment","2021-07-11",0.932,0.931,0.933,TRUE,1.05465799479085
"X15._men_amg_FullTimeWF","Employment","2021-07-11",0.996,0.995,0.998,FALSE,1.05465799479085
"Immigrant","Immigration","2021-07-11",0.827,0.826,0.828,TRUE,1.05465799479085
"X1ry_res","Housing","2021-07-11",0.965,0.964,0.966,FALSE,1.05465799479085
"Vacant_Home","Housing","2021-07-11",1.001,1,1.002,FALSE,1.05465799479085
"Flat_1ry_res","Housing","2021-07-11",0.874,0.873,0.875,TRUE,1.05465799479085
"X1ry_res_bf_1919","Housing","2021-07-11",1.101,1.099,1.102,TRUE,1.05465799479085
"X1ry_res_19.45","Housing","2021-07-11",1.017,1.015,1.018,FALSE,1.05465799479085
"X1ry_res_46.70","Housing","2021-07-11",0.933,0.931,0.934,TRUE,1.05465799479085
"X1ry_res_71.90","Housing","2021-07-11",1.01,1.009,1.011,FALSE,1.05465799479085
"X1ry_res_91.05","Housing","2021-07-11",1.006,1.004,1.007,FALSE,1.05465799479085
"X1ry_res_06.15","Housing","2021-07-11",0.958,0.957,0.959,FALSE,1.05465799479085
"HH_Moving_Time_lt2y","Housing","2021-07-11",0.958,0.957,0.959,FALSE,1.05465799479085
"HH_Moving_Time_2to4y","Housing","2021-07-11",0.877,0.876,0.878,TRUE,1.05465799479085
"HH_Moving_Time_5to9y","Housing","2021-07-11",0.851,0.85,0.852,TRUE,1.05465799479085
"HH_Moving_Time_10to19y","Housing","2021-07-11",0.974,0.973,0.975,FALSE,1.05465799479085
"HH_Moving_Time_20to29y","Housing","2021-07-11",1.001,1,1.002,FALSE,1.05465799479085
"HH_Moving_Time_gt30y","Housing","2021-07-11",1.128,1.127,1.129,TRUE,1.05465799479085
"X1ry_res_Owner","Housing","2021-07-11",1.158,1.156,1.16,TRUE,1.05465799479085
"X1ry_res_Tenant","Housing","2021-07-11",0.966,0.965,0.968,FALSE,1.05465799479085
"X1ry_res_Social","Housing","2021-07-11",0.924,0.923,0.925,TRUE,1.05465799479085
"X1ry_res_FreeAcc","Housing","2021-07-11",0.89,0.888,0.891,TRUE,1.05465799479085
"X1ry_res_Carpark","Housing","2021-07-11",1.116,1.114,1.117,TRUE,1.05465799479085
"X1ry_res_0car","Housing","2021-07-11",0.926,0.925,0.927,TRUE,1.05465799479085
"X1ry_res_1car","Housing","2021-07-11",0.905,0.904,0.906,TRUE,1.05465799479085
"Pop_per_1ry_res","Housing","2021-07-11",0.894,0.893,0.895,TRUE,1.05465799479085
"Pop_per_1ry_res_Tenant","Housing","2021-07-11",0.877,0.876,0.878,TRUE,1.05465799479085
"Pop_per_1ry_res_Social","Housing","2021-07-11",0.833,0.832,0.834,TRUE,1.05465799479085
"Pop_per_1ry_res_FreeAcc","Housing","2021-07-11",0.881,0.88,0.882,TRUE,1.05465799479085
"Owners_Occupancy","Housing","2021-07-11",1.092,1.09,1.093,TRUE,1.05465799479085
"Social_Occupancy","Housing","2021-07-11",0.955,0.953,0.956,FALSE,1.05465799479085
"FreeAcc_Occupancy","Housing","2021-07-11",0.932,0.931,0.934,TRUE,1.05465799479085
"Overcrowding_rate","Housing","2021-07-11",0.821,0.82,0.822,TRUE,1.05465799479085
"OtherNoFamily_HH","Family","2021-07-11",0.859,0.858,0.86,TRUE,1.05465799479085
"Family_HH","Family","2021-07-11",0.957,0.956,0.959,FALSE,1.05465799479085
"ChildFamily_HH","Family","2021-07-11",0.91,0.909,0.911,TRUE,1.05465799479085
"Farmer_HH","Family","2021-07-11",1.091,1.089,1.092,TRUE,1.05465799479085
"CraftsBusinessShopkeepers_HH","Family","2021-07-11",0.955,0.954,0.956,FALSE,1.05465799479085
"HighQualidied_HH","Family","2021-07-11",1.018,1.016,1.019,FALSE,1.05465799479085
"Intermediate_HH","Family","2021-07-11",1.019,1.018,1.02,FALSE,1.05465799479085
"BlueCollar_HH","Family","2021-07-11",0.946,0.945,0.947,TRUE,1.05465799479085
"Other_HH","Family","2021-07-11",0.879,0.878,0.88,TRUE,1.05465799479085
"X15._SinglePerson_HH","Family","2021-07-11",0.891,0.89,0.892,TRUE,1.05465799479085
"Pop_SingleParent_HH","Family","2021-07-11",0.857,0.856,0.858,TRUE,1.05465799479085
"Pop_WhiteCollar_HH","Family","2021-07-11",0.833,0.832,0.834,TRUE,1.05465799479085
"X1524_amg_15.POP","Family","2021-07-11",0.979,0.978,0.98,FALSE,1.05465799479085
"X15._Single_amg_POP","Family","2021-07-11",0.88,0.878,0.881,TRUE,1.05465799479085
"X15._Married_amg_POP","Family","2021-07-11",1.067,1.066,1.069,TRUE,1.05465799479085
"X1524_amg_Single","Family","2021-07-11",0.99,0.988,0.991,FALSE,1.05465799479085
"X2554_amg_Single","Family","2021-07-11",0.937,0.936,0.938,TRUE,1.05465799479085
"X5579_amg_Single","Family","2021-07-11",1.02,1.018,1.021,FALSE,1.05465799479085
"X80._amg_Single","Family","2021-07-11",1.129,1.128,1.131,TRUE,1.05465799479085
"Family_w_Children_amg_HH","Family","2021-07-11",0.865,0.864,0.866,TRUE,1.05465799479085
"X0014_amg_POP","Population","2021-07-11",0.901,0.9,0.902,TRUE,1.05465799479085
"X4559_amg_POP","Population","2021-07-11",1.066,1.064,1.067,TRUE,1.05465799479085
"Men","Population","2021-07-11",0.983,0.982,0.984,FALSE,1.05465799479085
"X2064_amg_POP","Population","2021-07-11",0.993,0.992,0.994,FALSE,1.05465799479085
"X15._men_WhiteCollar_amg_mPOP","Population","2021-07-11",0.881,0.88,0.882,TRUE,1.05465799479085
"X15._men_OtherNoActivity_amg_POP","Population","2021-07-11",0.902,0.901,0.903,TRUE,1.05465799479085
"X15._women_CraftsBusinessShopkeeper_amg_wPOP","Population","2021-07-11",1.012,1.011,1.013,FALSE,1.05465799479085
"X15._women_WhiteCollar_amg_wPOP","Population","2021-07-11",0.874,0.873,0.875,TRUE,1.05465799479085
"Abstention","Elections","2021-07-11",0.785,0.784,0.786,TRUE,1.05465799479085
"LePen","Elections","2021-07-11",0.887,0.886,0.888,TRUE,1.05465799479085
"Melenchon","Elections","2021-07-11",0.88,0.879,0.881,TRUE,1.05465799479085
"Macron","Elections","2021-07-11",1.203,1.202,1.205,TRUE,1.05465799479085
"Fillon","Elections","2021-07-11",1.148,1.147,1.15,TRUE,1.05465799479085
"DupontAignan","Elections","2021-07-11",1.044,1.043,1.045,FALSE,1.05465799479085
"Lassalle","Elections","2021-07-11",0.962,0.961,0.963,FALSE,1.05465799479085
"Hamon","Elections","2021-07-11",1.065,1.064,1.067,TRUE,1.05465799479085
"Asselineau","Elections","2021-07-11",0.78,0.779,0.781,TRUE,1.05465799479085
"Poutou","Elections","2021-07-11",1.051,1.05,1.053,FALSE,1.05465799479085
"Arthaud","Elections","2021-07-11",1.092,1.091,1.093,TRUE,1.05465799479085
"Cheminade","Elections","2021-07-11",0.962,0.96,0.963,FALSE,1.05465799479085
"latitude","Geography","2021-07-11",1.151,1.149,1.152,TRUE,1.05465799479085
"longitude","Geography","2021-07-11",0.842,0.841,0.842,TRUE,1.05465799479085
"distanceParis","Geography","2021-07-11",0.888,0.887,0.889,TRUE,1.05465799479085
"SO.NE","Geography","2021-07-11",1.008,1.007,1.009,FALSE,1.05465799479085
"NO.SE","Geography","2021-07-11",0.84,0.839,0.841,TRUE,1.05465799479085
"densite","Geography","2021-07-11",1.035,1.033,1.036,FALSE,1.05465799479085
"Wk_Res_Municipality","Activity","2021-08-08",0.977,0.975,0.978,FALSE,1.06371857263228
"Wk_Res_County.Municipality","Activity","2021-08-08",1.172,1.171,1.174,TRUE,1.06371857263228
"Wk_Res_Region.County","Activity","2021-08-08",1.008,1.006,1.009,FALSE,1.06371857263228
"Wk_Res_Country.Region","Activity","2021-08-08",1.144,1.143,1.146,TRUE,1.06371857263228
"Wk_Dom_Com_Abroad","Activity","2021-08-08",0.991,0.989,0.992,FALSE,1.06371857263228
"noTransport_toWk","Activity","2021-08-08",1.101,1.1,1.103,TRUE,1.06371857263228
"Walk_toWk","Activity","2021-08-08",0.975,0.974,0.976,FALSE,1.06371857263228
"Bike_toWk","Activity","2021-08-08",1.079,1.078,1.081,TRUE,1.06371857263228
"Motorbike_toWk","Activity","2021-08-08",0.976,0.974,0.977,FALSE,1.06371857263228
"Drive_toWk","Activity","2021-08-08",1.071,1.069,1.072,TRUE,1.06371857263228
"D1_st_Living","Income","2021-08-08",1.279,1.277,1.28,TRUE,1.06371857263228
"D9_st_Living","Income","2021-08-08",1.081,1.079,1.082,TRUE,1.06371857263228
"Interdecile_91_Ratio","Income","2021-08-08",0.811,0.81,0.812,TRUE,1.06371857263228
"Taxable_HH","Income","2021-08-08",1.131,1.13,1.133,TRUE,1.06371857263228
"Poverty_amg_Tenants","Income","2021-08-08",0.822,0.821,0.823,TRUE,1.06371857263228
"Activity_Income","Income","2021-08-08",1.024,1.022,1.025,FALSE,1.06371857263228
"Unemployment_Benef","Income","2021-08-08",0.732,0.732,0.733,TRUE,1.06371857263228
"Self.Employment","Income","2021-08-08",1.035,1.034,1.036,FALSE,1.06371857263228
"Pensions_Annuities","Income","2021-08-08",1.041,1.04,1.042,FALSE,1.06371857263228
"Estate","Income","2021-08-08",1.048,1.047,1.049,FALSE,1.06371857263228
"Family_Benef","Income","2021-08-08",0.888,0.887,0.889,TRUE,1.06371857263228
"Housing_Benef","Income","2021-08-08",0.828,0.827,0.829,TRUE,1.06371857263228
"Tax","Income","2021-08-08",0.951,0.95,0.953,FALSE,1.06371857263228
"X0205_School","Education","2021-08-08",1.124,1.122,1.125,TRUE,1.06371857263228
"X0610_School","Education","2021-08-08",1.106,1.105,1.108,TRUE,1.06371857263228
"X1114_School","Education","2021-08-08",1.16,1.158,1.161,TRUE,1.06371857263228
"X1517_School","Education","2021-08-08",1.21,1.208,1.211,TRUE,1.06371857263228
"X1824_School","Education","2021-08-08",1.01,1.008,1.011,FALSE,1.06371857263228
"X2529_School","Education","2021-08-08",0.939,0.937,0.94,TRUE,1.06371857263228
"X30._School","Education","2021-08-08",0.866,0.864,0.867,TRUE,1.06371857263228
"X15._CertifGeneEducation_amg_WF","Education","2021-08-08",0.87,0.869,0.872,TRUE,1.06371857263228
"X15._HighSchoolGraduate_amg_WF","Education","2021-08-08",0.884,0.883,0.885,TRUE,1.06371857263228
"X15._HSG.2_amg_WF","Education","2021-08-08",1.093,1.092,1.095,TRUE,1.06371857263228
"X15._men_NoDiploma_amg_mWF","Education","2021-08-08",0.839,0.838,0.84,TRUE,1.06371857263228
"X15._men_VocationalGraduate_amg_mWF","Education","2021-08-08",1.164,1.162,1.166,TRUE,1.06371857263228
"X15._MenOnWomen_NoDiploma","Education","2021-08-08",0.794,0.793,0.795,TRUE,1.06371857263228
"X15._MenOnWomen_VocationalGraduate","Education","2021-08-08",1.11,1.108,1.111,TRUE,1.06371857263228
"X15._MenOnWomen_HighSchoolGraduate","Education","2021-08-08",1.075,1.073,1.076,TRUE,1.06371857263228
"X15._MenOnWomen_HighEducation","Education","2021-08-08",1.07,1.069,1.072,TRUE,1.06371857263228
"X1564_men_Workforce_rate","Employment","2021-08-08",1.078,1.076,1.079,TRUE,1.06371857263228
"X1524_men_Workforce_rate","Employment","2021-08-08",1.033,1.032,1.035,FALSE,1.06371857263228
"X5564_men_Workforce_rate","Employment","2021-08-08",0.907,0.906,0.908,TRUE,1.06371857263228
"X1524_women_Workforce_rate","Employment","2021-08-08",1.034,1.033,1.036,FALSE,1.06371857263228
"X2554_women_Workforce_rate","Employment","2021-08-08",1.297,1.296,1.299,TRUE,1.06371857263228
"X5564_women_Workforce_rate","Employment","2021-08-08",0.989,0.987,0.99,FALSE,1.06371857263228
"X1564_Employed_rate_amg_WF","Employment","2021-08-08",1.257,1.255,1.258,TRUE,1.06371857263228
"X1524_Employed_rate_amg_WF","Employment","2021-08-08",1.213,1.212,1.215,TRUE,1.06371857263228
"X5564_Employed_rate_amg_WF","Employment","2021-08-08",1.23,1.229,1.232,TRUE,1.06371857263228
"X1524_women_Employed_rate_amg_WF","Employment","2021-08-08",1.183,1.181,1.184,TRUE,1.06371857263228
"X1564_Student_amg_WF","Employment","2021-08-08",1.018,1.017,1.02,FALSE,1.06371857263228
"X1564_Student_amg_NW","Employment","2021-08-08",1.093,1.092,1.095,TRUE,1.06371857263228
"X1564_Retired_amg_NW","Employment","2021-08-08",1.226,1.224,1.228,TRUE,1.06371857263228
"X1564_OtherInactive_amg_NW","Employment","2021-08-08",0.786,0.785,0.787,TRUE,1.06371857263228
"X1564_CraftsBusinessShopkeepers_amg_WF","Employment","2021-08-08",0.936,0.935,0.937,TRUE,1.06371857263228
"X1564_HihgQualWorkers_amg_WF","Employment","2021-08-08",0.91,0.909,0.912,TRUE,1.06371857263228
"X1564_IntermediateProf_amg_WF","Employment","2021-08-08",0.886,0.885,0.887,TRUE,1.06371857263228
"X1564_BlueCollar_amg_WF","Employment","2021-08-08",1.124,1.123,1.126,TRUE,1.06371857263228
"X1564_WhiteCollar_amg_WF","Employment","2021-08-08",0.922,0.921,0.924,TRUE,1.06371857263228
"X1564_WhiteCollar_amg_EmpWF","Employment","2021-08-08",0.869,0.868,0.87,TRUE,1.06371857263228
"X15._men_amg_empWF","Employment","2021-08-08",1.103,1.101,1.105,TRUE,1.06371857263228
"X15._FullTime_amg_empWF","Employment","2021-08-08",1.042,1.041,1.043,FALSE,1.06371857263228
"X15._men_amg_salWF","Employment","2021-08-08",0.895,0.894,0.896,TRUE,1.06371857263228
"X15._men_amg_nonsalWF","Employment","2021-08-08",0.965,0.963,0.966,FALSE,1.06371857263228
"X15._men_amg_FullTimeWF","Employment","2021-08-08",1.052,1.051,1.054,FALSE,1.06371857263228
"Immigrant","Immigration","2021-08-08",0.787,0.785,0.788,TRUE,1.06371857263228
"X1ry_res","Housing","2021-08-08",1.008,1.007,1.01,FALSE,1.06371857263228
"Vacant_Home","Housing","2021-08-08",0.995,0.994,0.996,FALSE,1.06371857263228
"Flat_1ry_res","Housing","2021-08-08",0.842,0.84,0.843,TRUE,1.06371857263228
"X1ry_res_bf_1919","Housing","2021-08-08",1.113,1.111,1.114,TRUE,1.06371857263228
"X1ry_res_19.45","Housing","2021-08-08",1.033,1.032,1.035,FALSE,1.06371857263228
"X1ry_res_46.70","Housing","2021-08-08",0.93,0.928,0.931,TRUE,1.06371857263228
"X1ry_res_71.90","Housing","2021-08-08",1.004,1.002,1.005,FALSE,1.06371857263228
"X1ry_res_91.05","Housing","2021-08-08",0.997,0.995,0.998,FALSE,1.06371857263228
"X1ry_res_06.15","Housing","2021-08-08",0.948,0.947,0.95,FALSE,1.06371857263228
"HH_Moving_Time_lt2y","Housing","2021-08-08",0.923,0.922,0.925,TRUE,1.06371857263228
"HH_Moving_Time_2to4y","Housing","2021-08-08",0.851,0.85,0.853,TRUE,1.06371857263228
"HH_Moving_Time_5to9y","Housing","2021-08-08",0.836,0.835,0.838,TRUE,1.06371857263228
"HH_Moving_Time_10to19y","Housing","2021-08-08",0.982,0.981,0.983,FALSE,1.06371857263228
"HH_Moving_Time_20to29y","Housing","2021-08-08",1.004,1.003,1.005,FALSE,1.06371857263228
"HH_Moving_Time_gt30y","Housing","2021-08-08",1.169,1.168,1.171,TRUE,1.06371857263228
"X1ry_res_Owner","Housing","2021-08-08",1.197,1.195,1.199,TRUE,1.06371857263228
"X1ry_res_Tenant","Housing","2021-08-08",0.929,0.928,0.931,TRUE,1.06371857263228
"X1ry_res_Social","Housing","2021-08-08",0.933,0.932,0.935,TRUE,1.06371857263228
"X1ry_res_FreeAcc","Housing","2021-08-08",0.842,0.841,0.843,TRUE,1.06371857263228
"X1ry_res_Carpark","Housing","2021-08-08",1.129,1.127,1.13,TRUE,1.06371857263228
"X1ry_res_0car","Housing","2021-08-08",0.917,0.916,0.919,TRUE,1.06371857263228
"X1ry_res_1car","Housing","2021-08-08",0.877,0.875,0.878,TRUE,1.06371857263228
"Pop_per_1ry_res","Housing","2021-08-08",0.926,0.925,0.927,TRUE,1.06371857263228
"Pop_per_1ry_res_Tenant","Housing","2021-08-08",0.896,0.895,0.897,TRUE,1.06371857263228
"Pop_per_1ry_res_Social","Housing","2021-08-08",0.825,0.824,0.827,TRUE,1.06371857263228
"Pop_per_1ry_res_FreeAcc","Housing","2021-08-08",0.887,0.885,0.888,TRUE,1.06371857263228
"Owners_Occupancy","Housing","2021-08-08",1.107,1.105,1.109,TRUE,1.06371857263228
"Social_Occupancy","Housing","2021-08-08",0.959,0.957,0.96,FALSE,1.06371857263228
"FreeAcc_Occupancy","Housing","2021-08-08",0.909,0.907,0.91,TRUE,1.06371857263228
"Overcrowding_rate","Housing","2021-08-08",0.793,0.792,0.794,TRUE,1.06371857263228
"OtherNoFamily_HH","Family","2021-08-08",0.825,0.824,0.826,TRUE,1.06371857263228
"Family_HH","Family","2021-08-08",0.996,0.994,0.997,FALSE,1.06371857263228
"ChildFamily_HH","Family","2021-08-08",0.941,0.94,0.942,FALSE,1.06371857263228
"Farmer_HH","Family","2021-08-08",1.104,1.102,1.105,TRUE,1.06371857263228
"CraftsBusinessShopkeepers_HH","Family","2021-08-08",0.918,0.917,0.92,TRUE,1.06371857263228
"HighQualidied_HH","Family","2021-08-08",1.013,1.011,1.014,FALSE,1.06371857263228
"Intermediate_HH","Family","2021-08-08",1.039,1.037,1.04,FALSE,1.06371857263228
"BlueCollar_HH","Family","2021-08-08",0.988,0.987,0.989,FALSE,1.06371857263228
"Other_HH","Family","2021-08-08",0.849,0.847,0.85,TRUE,1.06371857263228
"X15._SinglePerson_HH","Family","2021-08-08",0.863,0.862,0.864,TRUE,1.06371857263228
"Pop_SingleParent_HH","Family","2021-08-08",0.831,0.83,0.832,TRUE,1.06371857263228
"Pop_WhiteCollar_HH","Family","2021-08-08",0.843,0.842,0.844,TRUE,1.06371857263228
"X1524_amg_15.POP","Family","2021-08-08",1.02,1.018,1.021,FALSE,1.06371857263228
"X15._Single_amg_POP","Family","2021-08-08",0.863,0.862,0.864,TRUE,1.06371857263228
"X15._Married_amg_POP","Family","2021-08-08",1.072,1.071,1.074,TRUE,1.06371857263228
"X1524_amg_Single","Family","2021-08-08",0.99,0.988,0.991,FALSE,1.06371857263228
"X2554_amg_Single","Family","2021-08-08",0.936,0.935,0.937,TRUE,1.06371857263228
"X5579_amg_Single","Family","2021-08-08",1.012,1.01,1.013,FALSE,1.06371857263228
"X80._amg_Single","Family","2021-08-08",1.147,1.145,1.149,TRUE,1.06371857263228
"Family_w_Children_amg_HH","Family","2021-08-08",0.877,0.875,0.878,TRUE,1.06371857263228
"X0014_amg_POP","Population","2021-08-08",0.935,0.933,0.936,TRUE,1.06371857263228
"X4559_amg_POP","Population","2021-08-08",1.061,1.06,1.063,FALSE,1.06371857263228
"Men","Population","2021-08-08",1.006,1.004,1.007,FALSE,1.06371857263228
"X2064_amg_POP","Population","2021-08-08",1.025,1.023,1.026,FALSE,1.06371857263228
"X15._men_WhiteCollar_amg_mPOP","Population","2021-08-08",0.873,0.872,0.875,TRUE,1.06371857263228
"X15._men_OtherNoActivity_amg_POP","Population","2021-08-08",0.891,0.889,0.892,TRUE,1.06371857263228
"X15._women_CraftsBusinessShopkeeper_amg_wPOP","Population","2021-08-08",0.97,0.969,0.972,FALSE,1.06371857263228
"X15._women_WhiteCollar_amg_wPOP","Population","2021-08-08",0.902,0.901,0.904,TRUE,1.06371857263228
"Abstention","Elections","2021-08-08",0.774,0.773,0.776,TRUE,1.06371857263228
"LePen","Elections","2021-08-08",0.891,0.89,0.892,TRUE,1.06371857263228
"Melenchon","Elections","2021-08-08",0.875,0.874,0.876,TRUE,1.06371857263228
"Macron","Elections","2021-08-08",1.213,1.212,1.215,TRUE,1.06371857263228
"Fillon","Elections","2021-08-08",1.14,1.139,1.142,TRUE,1.06371857263228
"DupontAignan","Elections","2021-08-08",1.092,1.091,1.094,TRUE,1.06371857263228
"Lassalle","Elections","2021-08-08",0.93,0.928,0.931,TRUE,1.06371857263228
"Hamon","Elections","2021-08-08",1.074,1.072,1.075,TRUE,1.06371857263228
"Asselineau","Elections","2021-08-08",0.761,0.76,0.762,TRUE,1.06371857263228
"Poutou","Elections","2021-08-08",1.067,1.066,1.068,TRUE,1.06371857263228
"Arthaud","Elections","2021-08-08",1.147,1.146,1.149,TRUE,1.06371857263228
"Cheminade","Elections","2021-08-08",0.973,0.972,0.974,FALSE,1.06371857263228
"latitude","Geography","2021-08-08",1.22,1.218,1.221,TRUE,1.06371857263228
"longitude","Geography","2021-08-08",0.828,0.827,0.829,TRUE,1.06371857263228
"distanceParis","Geography","2021-08-08",0.828,0.827,0.829,TRUE,1.06371857263228
"SO.NE","Geography","2021-08-08",1.066,1.065,1.068,TRUE,1.06371857263228
"NO.SE","Geography","2021-08-08",0.8,0.799,0.801,TRUE,1.06371857263228
"densite","Geography","2021-08-08",1.055,1.053,1.057,FALSE,1.06371857263228
"Wk_Res_Municipality","Activity","2021-09-05",0.987,0.985,0.988,FALSE,1.06886036154071
"Wk_Res_County.Municipality","Activity","2021-09-05",1.217,1.215,1.219,TRUE,1.06886036154071
"Wk_Res_Region.County","Activity","2021-09-05",0.999,0.997,1,FALSE,1.06886036154071
"Wk_Res_Country.Region","Activity","2021-09-05",1.198,1.196,1.199,TRUE,1.06886036154071
"Wk_Dom_Com_Abroad","Activity","2021-09-05",0.941,0.94,0.942,FALSE,1.06886036154071
"noTransport_toWk","Activity","2021-09-05",1.145,1.144,1.147,TRUE,1.06886036154071
"Walk_toWk","Activity","2021-09-05",0.956,0.955,0.958,FALSE,1.06886036154071
"Bike_toWk","Activity","2021-09-05",1.079,1.078,1.081,TRUE,1.06886036154071
"Motorbike_toWk","Activity","2021-09-05",0.977,0.976,0.979,FALSE,1.06886036154071
"Drive_toWk","Activity","2021-09-05",1.112,1.11,1.114,TRUE,1.06886036154071
"D1_st_Living","Income","2021-09-05",1.306,1.304,1.308,TRUE,1.06886036154071
"D9_st_Living","Income","2021-09-05",1.039,1.038,1.041,FALSE,1.06886036154071
"Interdecile_91_Ratio","Income","2021-09-05",0.76,0.759,0.761,TRUE,1.06886036154071
"Taxable_HH","Income","2021-09-05",1.099,1.098,1.101,TRUE,1.06886036154071
"Poverty_amg_Tenants","Income","2021-09-05",0.823,0.822,0.824,TRUE,1.06886036154071
"Activity_Income","Income","2021-09-05",0.998,0.997,1,FALSE,1.06886036154071
"Unemployment_Benef","Income","2021-09-05",0.719,0.718,0.721,TRUE,1.06886036154071
"Self.Employment","Income","2021-09-05",1.023,1.022,1.025,FALSE,1.06886036154071
"Pensions_Annuities","Income","2021-09-05",1.068,1.067,1.07,FALSE,1.06886036154071
"Estate","Income","2021-09-05",1.014,1.012,1.015,FALSE,1.06886036154071
"Family_Benef","Income","2021-09-05",0.914,0.913,0.916,TRUE,1.06886036154071
"Housing_Benef","Income","2021-09-05",0.833,0.832,0.834,TRUE,1.06886036154071
"Tax","Income","2021-09-05",0.989,0.987,0.99,FALSE,1.06886036154071
"X0205_School","Education","2021-09-05",1.182,1.18,1.183,TRUE,1.06886036154071
"X0610_School","Education","2021-09-05",1.143,1.141,1.145,TRUE,1.06886036154071
"X1114_School","Education","2021-09-05",1.177,1.175,1.179,TRUE,1.06886036154071
"X1517_School","Education","2021-09-05",1.216,1.214,1.217,TRUE,1.06886036154071
"X1824_School","Education","2021-09-05",0.975,0.974,0.977,FALSE,1.06886036154071
"X2529_School","Education","2021-09-05",0.903,0.902,0.905,TRUE,1.06886036154071
"X30._School","Education","2021-09-05",0.82,0.819,0.822,TRUE,1.06886036154071
"X15._CertifGeneEducation_amg_WF","Education","2021-09-05",0.874,0.872,0.875,TRUE,1.06886036154071
"X15._HighSchoolGraduate_amg_WF","Education","2021-09-05",0.883,0.882,0.884,TRUE,1.06886036154071
"X15._HSG.2_amg_WF","Education","2021-09-05",1.096,1.095,1.098,TRUE,1.06886036154071
"X15._men_NoDiploma_amg_mWF","Education","2021-09-05",0.853,0.852,0.854,TRUE,1.06886036154071
"X15._men_VocationalGraduate_amg_mWF","Education","2021-09-05",1.23,1.228,1.232,TRUE,1.06886036154071
"X15._MenOnWomen_NoDiploma","Education","2021-09-05",0.765,0.764,0.766,TRUE,1.06886036154071
"X15._MenOnWomen_VocationalGraduate","Education","2021-09-05",1.153,1.151,1.155,TRUE,1.06886036154071
"X15._MenOnWomen_HighSchoolGraduate","Education","2021-09-05",1.106,1.104,1.108,TRUE,1.06886036154071
"X15._MenOnWomen_HighEducation","Education","2021-09-05",1.054,1.052,1.055,FALSE,1.06886036154071
"X1564_men_Workforce_rate","Employment","2021-09-05",1.068,1.066,1.069,FALSE,1.06886036154071
"X1524_men_Workforce_rate","Employment","2021-09-05",1.079,1.077,1.08,TRUE,1.06886036154071
"X5564_men_Workforce_rate","Employment","2021-09-05",0.861,0.86,0.863,TRUE,1.06886036154071
"X1524_women_Workforce_rate","Employment","2021-09-05",1.068,1.066,1.07,FALSE,1.06886036154071
"X2554_women_Workforce_rate","Employment","2021-09-05",1.333,1.331,1.335,TRUE,1.06886036154071
"X5564_women_Workforce_rate","Employment","2021-09-05",0.955,0.953,0.956,FALSE,1.06886036154071
"X1564_Employed_rate_amg_WF","Employment","2021-09-05",1.256,1.254,1.258,TRUE,1.06886036154071
"X1524_Employed_rate_amg_WF","Employment","2021-09-05",1.215,1.214,1.217,TRUE,1.06886036154071
"X5564_Employed_rate_amg_WF","Employment","2021-09-05",1.248,1.246,1.25,TRUE,1.06886036154071
"X1524_women_Employed_rate_amg_WF","Employment","2021-09-05",1.175,1.174,1.177,TRUE,1.06886036154071
"X1564_Student_amg_WF","Employment","2021-09-05",0.993,0.992,0.995,FALSE,1.06886036154071
"X1564_Student_amg_NW","Employment","2021-09-05",1.079,1.078,1.081,TRUE,1.06886036154071
"X1564_Retired_amg_NW","Employment","2021-09-05",1.302,1.3,1.304,TRUE,1.06886036154071
"X1564_OtherInactive_amg_NW","Employment","2021-09-05",0.783,0.782,0.784,TRUE,1.06886036154071
"X1564_CraftsBusinessShopkeepers_amg_WF","Employment","2021-09-05",0.924,0.923,0.926,TRUE,1.06886036154071
"X1564_HihgQualWorkers_amg_WF","Employment","2021-09-05",0.872,0.871,0.874,TRUE,1.06886036154071
"X1564_IntermediateProf_amg_WF","Employment","2021-09-05",0.855,0.854,0.856,TRUE,1.06886036154071
"X1564_BlueCollar_amg_WF","Employment","2021-09-05",1.182,1.181,1.184,TRUE,1.06886036154071
"X1564_WhiteCollar_amg_WF","Employment","2021-09-05",0.921,0.92,0.922,TRUE,1.06886036154071
"X1564_WhiteCollar_amg_EmpWF","Employment","2021-09-05",0.874,0.873,0.876,TRUE,1.06886036154071
"X15._men_amg_empWF","Employment","2021-09-05",1.15,1.148,1.152,TRUE,1.06886036154071
"X15._FullTime_amg_empWF","Employment","2021-09-05",1.034,1.032,1.035,FALSE,1.06886036154071
"X15._men_amg_salWF","Employment","2021-09-05",0.915,0.913,0.916,TRUE,1.06886036154071
"X15._men_amg_nonsalWF","Employment","2021-09-05",0.984,0.982,0.985,FALSE,1.06886036154071
"X15._men_amg_FullTimeWF","Employment","2021-09-05",1.062,1.061,1.064,FALSE,1.06886036154071
"Immigrant","Immigration","2021-09-05",0.728,0.727,0.729,TRUE,1.06886036154071
"X1ry_res","Housing","2021-09-05",1.011,1.009,1.012,FALSE,1.06886036154071
"Vacant_Home","Housing","2021-09-05",0.999,0.998,1.001,FALSE,1.06886036154071
"Flat_1ry_res","Housing","2021-09-05",0.795,0.794,0.796,TRUE,1.06886036154071
"X1ry_res_bf_1919","Housing","2021-09-05",1.137,1.135,1.138,TRUE,1.06886036154071
"X1ry_res_19.45","Housing","2021-09-05",1.025,1.024,1.027,FALSE,1.06886036154071
"X1ry_res_46.70","Housing","2021-09-05",0.91,0.908,0.911,TRUE,1.06886036154071
"X1ry_res_71.90","Housing","2021-09-05",1.01,1.009,1.012,FALSE,1.06886036154071
"X1ry_res_91.05","Housing","2021-09-05",1.003,1.002,1.005,FALSE,1.06886036154071
"X1ry_res_06.15","Housing","2021-09-05",0.967,0.966,0.969,FALSE,1.06886036154071
"HH_Moving_Time_lt2y","Housing","2021-09-05",0.908,0.907,0.91,TRUE,1.06886036154071
"HH_Moving_Time_2to4y","Housing","2021-09-05",0.822,0.82,0.823,TRUE,1.06886036154071
"HH_Moving_Time_5to9y","Housing","2021-09-05",0.821,0.819,0.822,TRUE,1.06886036154071
"HH_Moving_Time_10to19y","Housing","2021-09-05",0.988,0.986,0.989,FALSE,1.06886036154071
"HH_Moving_Time_20to29y","Housing","2021-09-05",0.997,0.996,0.999,FALSE,1.06886036154071
"HH_Moving_Time_gt30y","Housing","2021-09-05",1.208,1.206,1.21,TRUE,1.06886036154071
"X1ry_res_Owner","Housing","2021-09-05",1.244,1.242,1.247,TRUE,1.06886036154071
"X1ry_res_Tenant","Housing","2021-09-05",0.905,0.904,0.907,TRUE,1.06886036154071
"X1ry_res_Social","Housing","2021-09-05",0.922,0.92,0.924,TRUE,1.06886036154071
"X1ry_res_FreeAcc","Housing","2021-09-05",0.804,0.803,0.805,TRUE,1.06886036154071
"X1ry_res_Carpark","Housing","2021-09-05",1.159,1.157,1.16,TRUE,1.06886036154071
"X1ry_res_0car","Housing","2021-09-05",0.897,0.895,0.898,TRUE,1.06886036154071
"X1ry_res_1car","Housing","2021-09-05",0.869,0.867,0.87,TRUE,1.06886036154071
"Pop_per_1ry_res","Housing","2021-09-05",0.92,0.919,0.921,TRUE,1.06886036154071
"Pop_per_1ry_res_Tenant","Housing","2021-09-05",0.896,0.895,0.898,TRUE,1.06886036154071
"Pop_per_1ry_res_Social","Housing","2021-09-05",0.775,0.773,0.776,TRUE,1.06886036154071
"Pop_per_1ry_res_FreeAcc","Housing","2021-09-05",0.879,0.878,0.88,TRUE,1.06886036154071
"Owners_Occupancy","Housing","2021-09-05",1.129,1.127,1.131,TRUE,1.06886036154071
"Social_Occupancy","Housing","2021-09-05",0.954,0.952,0.956,FALSE,1.06886036154071
"FreeAcc_Occupancy","Housing","2021-09-05",0.89,0.888,0.892,TRUE,1.06886036154071
"Overcrowding_rate","Housing","2021-09-05",0.745,0.744,0.746,TRUE,1.06886036154071
"OtherNoFamily_HH","Family","2021-09-05",0.784,0.783,0.786,TRUE,1.06886036154071
"Family_HH","Family","2021-09-05",1.005,1.004,1.007,FALSE,1.06886036154071
"ChildFamily_HH","Family","2021-09-05",0.931,0.93,0.932,TRUE,1.06886036154071
"Farmer_HH","Family","2021-09-05",1.163,1.161,1.165,TRUE,1.06886036154071
"CraftsBusinessShopkeepers_HH","Family","2021-09-05",0.898,0.897,0.899,TRUE,1.06886036154071
"HighQualidied_HH","Family","2021-09-05",0.982,0.98,0.983,FALSE,1.06886036154071
"Intermediate_HH","Family","2021-09-05",1.018,1.016,1.02,FALSE,1.06886036154071
"BlueCollar_HH","Family","2021-09-05",1.033,1.032,1.035,FALSE,1.06886036154071
"Other_HH","Family","2021-09-05",0.832,0.831,0.833,TRUE,1.06886036154071
"X15._SinglePerson_HH","Family","2021-09-05",0.828,0.827,0.83,TRUE,1.06886036154071
"Pop_SingleParent_HH","Family","2021-09-05",0.792,0.79,0.793,TRUE,1.06886036154071
"Pop_WhiteCollar_HH","Family","2021-09-05",0.837,0.836,0.839,TRUE,1.06886036154071
"X1524_amg_15.POP","Family","2021-09-05",1.011,1.009,1.013,FALSE,1.06886036154071
"X15._Single_amg_POP","Family","2021-09-05",0.832,0.831,0.834,TRUE,1.06886036154071
"X15._Married_amg_POP","Family","2021-09-05",1.097,1.095,1.099,TRUE,1.06886036154071
"X1524_amg_Single","Family","2021-09-05",0.994,0.992,0.995,FALSE,1.06886036154071
"X2554_amg_Single","Family","2021-09-05",0.913,0.911,0.914,TRUE,1.06886036154071
"X5579_amg_Single","Family","2021-09-05",1.022,1.021,1.024,FALSE,1.06886036154071
"X80._amg_Single","Family","2021-09-05",1.19,1.188,1.192,TRUE,1.06886036154071
"Family_w_Children_amg_HH","Family","2021-09-05",0.848,0.847,0.85,TRUE,1.06886036154071
"X0014_amg_POP","Population","2021-09-05",0.947,0.945,0.948,FALSE,1.06886036154071
"X4559_amg_POP","Population","2021-09-05",1.055,1.053,1.056,FALSE,1.06886036154071
"Men","Population","2021-09-05",1.024,1.023,1.026,FALSE,1.06886036154071
"X2064_amg_POP","Population","2021-09-05",0.997,0.995,0.998,FALSE,1.06886036154071
"X15._men_WhiteCollar_amg_mPOP","Population","2021-09-05",0.842,0.841,0.843,TRUE,1.06886036154071
"X15._men_OtherNoActivity_amg_POP","Population","2021-09-05",0.856,0.855,0.858,TRUE,1.06886036154071
"X15._women_CraftsBusinessShopkeeper_amg_wPOP","Population","2021-09-05",0.966,0.965,0.968,FALSE,1.06886036154071
"X15._women_WhiteCollar_amg_wPOP","Population","2021-09-05",0.917,0.915,0.918,TRUE,1.06886036154071
"Abstention","Elections","2021-09-05",0.755,0.754,0.757,TRUE,1.06886036154071
"LePen","Elections","2021-09-05",0.885,0.884,0.886,TRUE,1.06886036154071
"Melenchon","Elections","2021-09-05",0.873,0.872,0.875,TRUE,1.06886036154071
"Macron","Elections","2021-09-05",1.227,1.225,1.229,TRUE,1.06886036154071
"Fillon","Elections","2021-09-05",1.126,1.124,1.127,TRUE,1.06886036154071
"DupontAignan","Elections","2021-09-05",1.131,1.13,1.133,TRUE,1.06886036154071
"Lassalle","Elections","2021-09-05",0.924,0.922,0.925,TRUE,1.06886036154071
"Hamon","Elections","2021-09-05",1.085,1.084,1.087,TRUE,1.06886036154071
"Asselineau","Elections","2021-09-05",0.72,0.719,0.721,TRUE,1.06886036154071
"Poutou","Elections","2021-09-05",1.127,1.125,1.129,TRUE,1.06886036154071
"Arthaud","Elections","2021-09-05",1.221,1.219,1.223,TRUE,1.06886036154071
"Cheminade","Elections","2021-09-05",0.98,0.979,0.982,FALSE,1.06886036154071
"latitude","Geography","2021-09-05",1.241,1.24,1.243,TRUE,1.06886036154071
"longitude","Geography","2021-09-05",0.793,0.792,0.794,TRUE,1.06886036154071
"distanceParis","Geography","2021-09-05",0.819,0.818,0.82,TRUE,1.06886036154071
"SO.NE","Geography","2021-09-05",1.03,1.028,1.031,FALSE,1.06886036154071
"NO.SE","Geography","2021-09-05",0.759,0.758,0.76,TRUE,1.06886036154071
"densite","Geography","2021-09-05",1.053,1.051,1.055,FALSE,1.06886036154071
"Wk_Res_Municipality","Activity","2021-12-12",0.977,0.976,0.979,FALSE,1.07384662675083
"Wk_Res_County.Municipality","Activity","2021-12-12",1.215,1.213,1.217,TRUE,1.07384662675083
"Wk_Res_Region.County","Activity","2021-12-12",0.999,0.997,1,FALSE,1.07384662675083
"Wk_Res_Country.Region","Activity","2021-12-12",1.202,1.2,1.204,TRUE,1.07384662675083
"Wk_Dom_Com_Abroad","Activity","2021-12-12",0.933,0.931,0.934,FALSE,1.07384662675083
"noTransport_toWk","Activity","2021-12-12",1.134,1.132,1.136,TRUE,1.07384662675083
"Walk_toWk","Activity","2021-12-12",0.957,0.955,0.958,FALSE,1.07384662675083
"Bike_toWk","Activity","2021-12-12",1.079,1.077,1.081,TRUE,1.07384662675083
"Motorbike_toWk","Activity","2021-12-12",0.975,0.973,0.977,FALSE,1.07384662675083
"Drive_toWk","Activity","2021-12-12",1.106,1.104,1.107,TRUE,1.07384662675083
"D1_st_Living","Income","2021-12-12",1.303,1.301,1.305,TRUE,1.07384662675083
"D9_st_Living","Income","2021-12-12",1.042,1.04,1.044,FALSE,1.07384662675083
"Interdecile_91_Ratio","Income","2021-12-12",0.757,0.755,0.758,TRUE,1.07384662675083
"Taxable_HH","Income","2021-12-12",1.105,1.103,1.107,TRUE,1.07384662675083
"Poverty_amg_Tenants","Income","2021-12-12",0.826,0.825,0.827,TRUE,1.07384662675083
"Activity_Income","Income","2021-12-12",1.008,1.007,1.01,FALSE,1.07384662675083
"Unemployment_Benef","Income","2021-12-12",0.717,0.716,0.718,TRUE,1.07384662675083
"Self.Employment","Income","2021-12-12",1.007,1.006,1.009,FALSE,1.07384662675083
"Pensions_Annuities","Income","2021-12-12",1.055,1.053,1.056,FALSE,1.07384662675083
"Estate","Income","2021-12-12",0.998,0.996,1,FALSE,1.07384662675083
"Family_Benef","Income","2021-12-12",0.927,0.926,0.929,TRUE,1.07384662675083
"Housing_Benef","Income","2021-12-12",0.836,0.834,0.837,TRUE,1.07384662675083
"Tax","Income","2021-12-12",0.989,0.987,0.991,FALSE,1.07384662675083
"X0205_School","Education","2021-12-12",1.184,1.182,1.186,TRUE,1.07384662675083
"X0610_School","Education","2021-12-12",1.138,1.136,1.14,TRUE,1.07384662675083
"X1114_School","Education","2021-12-12",1.169,1.167,1.171,TRUE,1.07384662675083
"X1517_School","Education","2021-12-12",1.215,1.213,1.217,TRUE,1.07384662675083
"X1824_School","Education","2021-12-12",0.981,0.98,0.983,FALSE,1.07384662675083
"X2529_School","Education","2021-12-12",0.906,0.905,0.908,TRUE,1.07384662675083
"X30._School","Education","2021-12-12",0.821,0.82,0.823,TRUE,1.07384662675083
"X15._CertifGeneEducation_amg_WF","Education","2021-12-12",0.868,0.866,0.869,TRUE,1.07384662675083
"X15._HighSchoolGraduate_amg_WF","Education","2021-12-12",0.875,0.874,0.876,TRUE,1.07384662675083
"X15._HSG.2_amg_WF","Education","2021-12-12",1.096,1.094,1.098,TRUE,1.07384662675083
"X15._men_NoDiploma_amg_mWF","Education","2021-12-12",0.857,0.856,0.858,TRUE,1.07384662675083
"X15._men_VocationalGraduate_amg_mWF","Education","2021-12-12",1.236,1.234,1.238,TRUE,1.07384662675083
"X15._MenOnWomen_NoDiploma","Education","2021-12-12",0.763,0.762,0.764,TRUE,1.07384662675083
"X15._MenOnWomen_VocationalGraduate","Education","2021-12-12",1.154,1.151,1.156,TRUE,1.07384662675083
"X15._MenOnWomen_HighSchoolGraduate","Education","2021-12-12",1.12,1.118,1.122,TRUE,1.07384662675083
"X15._MenOnWomen_HighEducation","Education","2021-12-12",1.062,1.06,1.063,FALSE,1.07384662675083
"X1564_men_Workforce_rate","Employment","2021-12-12",1.07,1.068,1.072,FALSE,1.07384662675083
"X1524_men_Workforce_rate","Employment","2021-12-12",1.076,1.074,1.078,TRUE,1.07384662675083
"X5564_men_Workforce_rate","Employment","2021-12-12",0.861,0.86,0.863,TRUE,1.07384662675083
"X1524_women_Workforce_rate","Employment","2021-12-12",1.069,1.068,1.071,FALSE,1.07384662675083
"X2554_women_Workforce_rate","Employment","2021-12-12",1.329,1.327,1.331,TRUE,1.07384662675083
"X5564_women_Workforce_rate","Employment","2021-12-12",0.952,0.95,0.953,FALSE,1.07384662675083
"X1564_Employed_rate_amg_WF","Employment","2021-12-12",1.255,1.253,1.258,TRUE,1.07384662675083
"X1524_Employed_rate_amg_WF","Employment","2021-12-12",1.216,1.214,1.218,TRUE,1.07384662675083
"X5564_Employed_rate_amg_WF","Employment","2021-12-12",1.248,1.246,1.25,TRUE,1.07384662675083
"X1524_women_Employed_rate_amg_WF","Employment","2021-12-12",1.178,1.176,1.179,TRUE,1.07384662675083
"X1564_Student_amg_WF","Employment","2021-12-12",1.003,1.002,1.005,FALSE,1.07384662675083
"X1564_Student_amg_NW","Employment","2021-12-12",1.088,1.086,1.089,TRUE,1.07384662675083
"X1564_Retired_amg_NW","Employment","2021-12-12",1.298,1.296,1.301,TRUE,1.07384662675083
"X1564_OtherInactive_amg_NW","Employment","2021-12-12",0.781,0.78,0.782,TRUE,1.07384662675083
"X1564_CraftsBusinessShopkeepers_amg_WF","Employment","2021-12-12",0.908,0.906,0.909,TRUE,1.07384662675083
"X1564_HihgQualWorkers_amg_WF","Employment","2021-12-12",0.872,0.871,0.874,TRUE,1.07384662675083
"X1564_IntermediateProf_amg_WF","Employment","2021-12-12",0.861,0.859,0.862,TRUE,1.07384662675083
"X1564_BlueCollar_amg_WF","Employment","2021-12-12",1.192,1.19,1.194,TRUE,1.07384662675083
"X1564_WhiteCollar_amg_WF","Employment","2021-12-12",0.921,0.919,0.922,TRUE,1.07384662675083
"X1564_WhiteCollar_amg_EmpWF","Employment","2021-12-12",0.876,0.874,0.877,TRUE,1.07384662675083
"X15._men_amg_empWF","Employment","2021-12-12",1.154,1.152,1.156,TRUE,1.07384662675083
"X15._FullTime_amg_empWF","Employment","2021-12-12",1.041,1.04,1.043,FALSE,1.07384662675083
"X15._men_amg_salWF","Employment","2021-12-12",0.924,0.922,0.925,TRUE,1.07384662675083
"X15._men_amg_nonsalWF","Employment","2021-12-12",0.991,0.99,0.993,FALSE,1.07384662675083
"X15._men_amg_FullTimeWF","Employment","2021-12-12",1.084,1.082,1.086,TRUE,1.07384662675083
"Immigrant","Immigration","2021-12-12",0.723,0.722,0.724,TRUE,1.07384662675083
"X1ry_res","Housing","2021-12-12",1.029,1.027,1.03,FALSE,1.07384662675083
"Vacant_Home","Housing","2021-12-12",0.993,0.991,0.994,FALSE,1.07384662675083
"Flat_1ry_res","Housing","2021-12-12",0.798,0.797,0.8,TRUE,1.07384662675083
"X1ry_res_bf_1919","Housing","2021-12-12",1.128,1.126,1.13,TRUE,1.07384662675083
"X1ry_res_19.45","Housing","2021-12-12",1.033,1.032,1.035,FALSE,1.07384662675083
"X1ry_res_46.70","Housing","2021-12-12",0.92,0.918,0.922,TRUE,1.07384662675083
"X1ry_res_71.90","Housing","2021-12-12",1.01,1.009,1.012,FALSE,1.07384662675083
"X1ry_res_91.05","Housing","2021-12-12",0.995,0.993,0.996,FALSE,1.07384662675083
"X1ry_res_06.15","Housing","2021-12-12",0.958,0.956,0.959,FALSE,1.07384662675083
"HH_Moving_Time_lt2y","Housing","2021-12-12",0.904,0.902,0.905,TRUE,1.07384662675083
"HH_Moving_Time_2to4y","Housing","2021-12-12",0.823,0.822,0.825,TRUE,1.07384662675083
"HH_Moving_Time_5to9y","Housing","2021-12-12",0.819,0.818,0.821,TRUE,1.07384662675083
"HH_Moving_Time_10to19y","Housing","2021-12-12",0.987,0.985,0.988,FALSE,1.07384662675083
"HH_Moving_Time_20to29y","Housing","2021-12-12",0.996,0.994,0.998,FALSE,1.07384662675083
"HH_Moving_Time_gt30y","Housing","2021-12-12",1.21,1.208,1.212,TRUE,1.07384662675083
"X1ry_res_Owner","Housing","2021-12-12",1.237,1.235,1.239,TRUE,1.07384662675083
"X1ry_res_Tenant","Housing","2021-12-12",0.899,0.897,0.9,TRUE,1.07384662675083
"X1ry_res_Social","Housing","2021-12-12",0.936,0.934,0.938,FALSE,1.07384662675083
"X1ry_res_FreeAcc","Housing","2021-12-12",0.8,0.799,0.801,TRUE,1.07384662675083
"X1ry_res_Carpark","Housing","2021-12-12",1.152,1.15,1.154,TRUE,1.07384662675083
"X1ry_res_0car","Housing","2021-12-12",0.905,0.904,0.907,TRUE,1.07384662675083
"X1ry_res_1car","Housing","2021-12-12",0.869,0.867,0.87,TRUE,1.07384662675083
"Pop_per_1ry_res","Housing","2021-12-12",0.931,0.93,0.933,TRUE,1.07384662675083
"Pop_per_1ry_res_Tenant","Housing","2021-12-12",0.903,0.902,0.905,TRUE,1.07384662675083
"Pop_per_1ry_res_Social","Housing","2021-12-12",0.774,0.773,0.775,TRUE,1.07384662675083
"Pop_per_1ry_res_FreeAcc","Housing","2021-12-12",0.879,0.878,0.881,TRUE,1.07384662675083
"Owners_Occupancy","Housing","2021-12-12",1.136,1.134,1.138,TRUE,1.07384662675083
"Social_Occupancy","Housing","2021-12-12",0.968,0.966,0.97,FALSE,1.07384662675083
"FreeAcc_Occupancy","Housing","2021-12-12",0.895,0.893,0.897,TRUE,1.07384662675083
"Overcrowding_rate","Housing","2021-12-12",0.747,0.745,0.748,TRUE,1.07384662675083
"OtherNoFamily_HH","Family","2021-12-12",0.78,0.778,0.781,TRUE,1.07384662675083
"Family_HH","Family","2021-12-12",1.01,1.008,1.012,FALSE,1.07384662675083
"ChildFamily_HH","Family","2021-12-12",0.944,0.943,0.946,FALSE,1.07384662675083
"Farmer_HH","Family","2021-12-12",1.153,1.151,1.155,TRUE,1.07384662675083
"CraftsBusinessShopkeepers_HH","Family","2021-12-12",0.88,0.879,0.882,TRUE,1.07384662675083
"HighQualidied_HH","Family","2021-12-12",0.984,0.982,0.985,FALSE,1.07384662675083
"Intermediate_HH","Family","2021-12-12",1.025,1.024,1.027,FALSE,1.07384662675083
"BlueCollar_HH","Family","2021-12-12",1.047,1.045,1.048,FALSE,1.07384662675083
"Other_HH","Family","2021-12-12",0.831,0.83,0.833,TRUE,1.07384662675083
"X15._SinglePerson_HH","Family","2021-12-12",0.829,0.828,0.831,TRUE,1.07384662675083
"Pop_SingleParent_HH","Family","2021-12-12",0.792,0.79,0.793,TRUE,1.07384662675083
"Pop_WhiteCollar_HH","Family","2021-12-12",0.844,0.843,0.845,TRUE,1.07384662675083
"X1524_amg_15.POP","Family","2021-12-12",1.028,1.026,1.03,FALSE,1.07384662675083
"X15._Single_amg_POP","Family","2021-12-12",0.838,0.837,0.84,TRUE,1.07384662675083
"X15._Married_amg_POP","Family","2021-12-12",1.096,1.094,1.098,TRUE,1.07384662675083
"X1524_amg_Single","Family","2021-12-12",1.002,1,1.004,FALSE,1.07384662675083
"X2554_amg_Single","Family","2021-12-12",0.922,0.921,0.924,TRUE,1.07384662675083
"X5579_amg_Single","Family","2021-12-12",1.008,1.007,1.01,FALSE,1.07384662675083
"X80._amg_Single","Family","2021-12-12",1.185,1.183,1.187,TRUE,1.07384662675083
"Family_w_Children_amg_HH","Family","2021-12-12",0.859,0.857,0.86,TRUE,1.07384662675083
"X0014_amg_POP","Population","2021-12-12",0.96,0.959,0.962,FALSE,1.07384662675083
"X4559_amg_POP","Population","2021-12-12",1.043,1.041,1.044,FALSE,1.07384662675083
"Men","Population","2021-12-12",1.03,1.028,1.032,FALSE,1.07384662675083
"X2064_amg_POP","Population","2021-12-12",1.009,1.007,1.011,FALSE,1.07384662675083
"X15._men_WhiteCollar_amg_mPOP","Population","2021-12-12",0.849,0.848,0.851,TRUE,1.07384662675083
"X15._men_OtherNoActivity_amg_POP","Population","2021-12-12",0.86,0.859,0.862,TRUE,1.07384662675083
"X15._women_CraftsBusinessShopkeeper_amg_wPOP","Population","2021-12-12",0.947,0.945,0.948,FALSE,1.07384662675083
"X15._women_WhiteCollar_amg_wPOP","Population","2021-12-12",0.925,0.923,0.926,TRUE,1.07384662675083
"Abstention","Elections","2021-12-12",0.759,0.758,0.76,TRUE,1.07384662675083
"LePen","Elections","2021-12-12",0.885,0.883,0.886,TRUE,1.07384662675083
"Melenchon","Elections","2021-12-12",0.871,0.87,0.873,TRUE,1.07384662675083
"Macron","Elections","2021-12-12",1.227,1.225,1.229,TRUE,1.07384662675083
"Fillon","Elections","2021-12-12",1.13,1.128,1.132,TRUE,1.07384662675083
"DupontAignan","Elections","2021-12-12",1.139,1.138,1.141,TRUE,1.07384662675083
"Lassalle","Elections","2021-12-12",0.902,0.9,0.903,TRUE,1.07384662675083
"Hamon","Elections","2021-12-12",1.086,1.084,1.088,TRUE,1.07384662675083
"Asselineau","Elections","2021-12-12",0.72,0.718,0.721,TRUE,1.07384662675083
"Poutou","Elections","2021-12-12",1.127,1.126,1.129,TRUE,1.07384662675083
"Arthaud","Elections","2021-12-12",1.238,1.236,1.24,TRUE,1.07384662675083
"Cheminade","Elections","2021-12-12",0.983,0.982,0.985,FALSE,1.07384662675083
"latitude","Geography","2021-12-12",1.271,1.269,1.273,TRUE,1.07384662675083
"longitude","Geography","2021-12-12",0.793,0.791,0.794,TRUE,1.07384662675083
"distanceParis","Geography","2021-12-12",0.802,0.801,0.803,TRUE,1.07384662675083
"SO.NE","Geography","2021-12-12",1.048,1.046,1.05,FALSE,1.07384662675083
"NO.SE","Geography","2021-12-12",0.745,0.744,0.746,TRUE,1.07384662675083
"densite","Geography","2021-12-12",1.064,1.062,1.066,FALSE,1.07384662675083
"Wk_Res_Municipality","Activity","2022-01-23",0.982,0.98,0.983,FALSE,1.06536138876245
"Wk_Res_County.Municipality","Activity","2022-01-23",1.224,1.222,1.227,TRUE,1.06536138876245
"Wk_Res_Region.County","Activity","2022-01-23",0.992,0.99,0.993,FALSE,1.06536138876245
"Wk_Res_Country.Region","Activity","2022-01-23",1.208,1.206,1.21,TRUE,1.06536138876245
"Wk_Dom_Com_Abroad","Activity","2022-01-23",0.93,0.929,0.932,TRUE,1.06536138876245
"noTransport_toWk","Activity","2022-01-23",1.142,1.14,1.144,TRUE,1.06536138876245
"Walk_toWk","Activity","2022-01-23",0.952,0.95,0.953,FALSE,1.06536138876245
"Bike_toWk","Activity","2022-01-23",1.075,1.073,1.077,TRUE,1.06536138876245
"Motorbike_toWk","Activity","2022-01-23",0.973,0.972,0.975,FALSE,1.06536138876245
"Drive_toWk","Activity","2022-01-23",1.12,1.118,1.122,TRUE,1.06536138876245
"D1_st_Living","Income","2022-01-23",1.305,1.303,1.308,TRUE,1.06536138876245
"D9_st_Living","Income","2022-01-23",1.036,1.035,1.038,FALSE,1.06536138876245
"Interdecile_91_Ratio","Income","2022-01-23",0.749,0.748,0.75,TRUE,1.06536138876245
"Taxable_HH","Income","2022-01-23",1.097,1.095,1.099,TRUE,1.06536138876245
"Poverty_amg_Tenants","Income","2022-01-23",0.827,0.825,0.828,TRUE,1.06536138876245
"Activity_Income","Income","2022-01-23",0.997,0.995,0.998,FALSE,1.06536138876245
"Unemployment_Benef","Income","2022-01-23",0.716,0.715,0.717,TRUE,1.06536138876245
"Self.Employment","Income","2022-01-23",1.014,1.012,1.016,FALSE,1.06536138876245
"Pensions_Annuities","Income","2022-01-23",1.065,1.063,1.067,FALSE,1.06536138876245
"Estate","Income","2022-01-23",1.001,1,1.003,FALSE,1.06536138876245
"Family_Benef","Income","2022-01-23",0.926,0.925,0.928,TRUE,1.06536138876245
"Housing_Benef","Income","2022-01-23",0.836,0.835,0.837,TRUE,1.06536138876245
"Tax","Income","2022-01-23",0.996,0.995,0.998,FALSE,1.06536138876245
"X0205_School","Education","2022-01-23",1.193,1.191,1.195,TRUE,1.06536138876245
"X0610_School","Education","2022-01-23",1.148,1.146,1.15,TRUE,1.06536138876245
"X1114_School","Education","2022-01-23",1.175,1.173,1.177,TRUE,1.06536138876245
"X1517_School","Education","2022-01-23",1.212,1.21,1.214,TRUE,1.06536138876245
"X1824_School","Education","2022-01-23",0.972,0.971,0.974,FALSE,1.06536138876245
"X2529_School","Education","2022-01-23",0.898,0.897,0.9,TRUE,1.06536138876245
"X30._School","Education","2022-01-23",0.812,0.81,0.813,TRUE,1.06536138876245
"X15._CertifGeneEducation_amg_WF","Education","2022-01-23",0.873,0.871,0.874,TRUE,1.06536138876245
"X15._HighSchoolGraduate_amg_WF","Education","2022-01-23",0.877,0.875,0.878,TRUE,1.06536138876245
"X15._HSG.2_amg_WF","Education","2022-01-23",1.096,1.094,1.097,TRUE,1.06536138876245
"X15._men_NoDiploma_amg_mWF","Education","2022-01-23",0.858,0.857,0.86,TRUE,1.06536138876245
"X15._men_VocationalGraduate_amg_mWF","Education","2022-01-23",1.25,1.248,1.252,TRUE,1.06536138876245
"X15._MenOnWomen_NoDiploma","Education","2022-01-23",0.757,0.755,0.758,TRUE,1.06536138876245
"X15._MenOnWomen_VocationalGraduate","Education","2022-01-23",1.162,1.16,1.165,TRUE,1.06536138876245
"X15._MenOnWomen_HighSchoolGraduate","Education","2022-01-23",1.123,1.121,1.125,TRUE,1.06536138876245
"X15._MenOnWomen_HighEducation","Education","2022-01-23",1.056,1.054,1.057,FALSE,1.06536138876245
"X1564_men_Workforce_rate","Employment","2022-01-23",1.065,1.063,1.067,FALSE,1.06536138876245
"X1524_men_Workforce_rate","Employment","2022-01-23",1.083,1.081,1.085,TRUE,1.06536138876245
"X5564_men_Workforce_rate","Employment","2022-01-23",0.851,0.849,0.852,TRUE,1.06536138876245
"X1524_women_Workforce_rate","Employment","2022-01-23",1.076,1.074,1.078,TRUE,1.06536138876245
"X2554_women_Workforce_rate","Employment","2022-01-23",1.33,1.328,1.332,TRUE,1.06536138876245
"X5564_women_Workforce_rate","Employment","2022-01-23",0.941,0.939,0.942,FALSE,1.06536138876245
"X1564_Employed_rate_amg_WF","Employment","2022-01-23",1.254,1.252,1.256,TRUE,1.06536138876245
"X1524_Employed_rate_amg_WF","Employment","2022-01-23",1.211,1.209,1.213,TRUE,1.06536138876245
"X5564_Employed_rate_amg_WF","Employment","2022-01-23",1.247,1.245,1.249,TRUE,1.06536138876245
"X1524_women_Employed_rate_amg_WF","Employment","2022-01-23",1.171,1.169,1.173,TRUE,1.06536138876245
"X1564_Student_amg_WF","Employment","2022-01-23",0.996,0.994,0.998,FALSE,1.06536138876245
"X1564_Student_amg_NW","Employment","2022-01-23",1.078,1.076,1.08,TRUE,1.06536138876245
"X1564_Retired_amg_NW","Employment","2022-01-23",1.311,1.309,1.314,TRUE,1.06536138876245
"X1564_OtherInactive_amg_NW","Employment","2022-01-23",0.783,0.781,0.784,TRUE,1.06536138876245
"X1564_CraftsBusinessShopkeepers_amg_WF","Employment","2022-01-23",0.913,0.912,0.915,TRUE,1.06536138876245
"X1564_HihgQualWorkers_amg_WF","Employment","2022-01-23",0.862,0.861,0.864,TRUE,1.06536138876245
"X1564_IntermediateProf_amg_WF","Employment","2022-01-23",0.854,0.852,0.856,TRUE,1.06536138876245
"X1564_BlueCollar_amg_WF","Employment","2022-01-23",1.203,1.201,1.205,TRUE,1.06536138876245
"X1564_WhiteCollar_amg_WF","Employment","2022-01-23",0.925,0.924,0.927,TRUE,1.06536138876245
"X1564_WhiteCollar_amg_EmpWF","Employment","2022-01-23",0.881,0.879,0.882,TRUE,1.06536138876245
"X15._men_amg_empWF","Employment","2022-01-23",1.162,1.16,1.164,TRUE,1.06536138876245
"X15._FullTime_amg_empWF","Employment","2022-01-23",1.037,1.035,1.039,FALSE,1.06536138876245
"X15._men_amg_salWF","Employment","2022-01-23",0.926,0.924,0.927,TRUE,1.06536138876245
"X15._men_amg_nonsalWF","Employment","2022-01-23",0.989,0.988,0.991,FALSE,1.06536138876245
"X15._men_amg_FullTimeWF","Employment","2022-01-23",1.077,1.075,1.079,TRUE,1.06536138876245
"Immigrant","Immigration","2022-01-23",0.713,0.712,0.715,TRUE,1.06536138876245
"X1ry_res","Housing","2022-01-23",1.024,1.022,1.025,FALSE,1.06536138876245
"Vacant_Home","Housing","2022-01-23",0.997,0.995,0.998,FALSE,1.06536138876245
"Flat_1ry_res","Housing","2022-01-23",0.789,0.787,0.79,TRUE,1.06536138876245
"X1ry_res_bf_1919","Housing","2022-01-23",1.133,1.131,1.135,TRUE,1.06536138876245
"X1ry_res_19.45","Housing","2022-01-23",1.033,1.031,1.035,FALSE,1.06536138876245
"X1ry_res_46.70","Housing","2022-01-23",0.916,0.914,0.917,TRUE,1.06536138876245
"X1ry_res_71.90","Housing","2022-01-23",1.01,1.008,1.012,FALSE,1.06536138876245
"X1ry_res_91.05","Housing","2022-01-23",0.996,0.994,0.997,FALSE,1.06536138876245
"X1ry_res_06.15","Housing","2022-01-23",0.962,0.96,0.963,FALSE,1.06536138876245
"HH_Moving_Time_lt2y","Housing","2022-01-23",0.9,0.898,0.902,TRUE,1.06536138876245
"HH_Moving_Time_2to4y","Housing","2022-01-23",0.816,0.814,0.817,TRUE,1.06536138876245
"HH_Moving_Time_5to9y","Housing","2022-01-23",0.814,0.813,0.816,TRUE,1.06536138876245
"HH_Moving_Time_10to19y","Housing","2022-01-23",0.984,0.983,0.986,FALSE,1.06536138876245
"HH_Moving_Time_20to29y","Housing","2022-01-23",0.999,0.998,1.001,FALSE,1.06536138876245
"HH_Moving_Time_gt30y","Housing","2022-01-23",1.222,1.22,1.224,TRUE,1.06536138876245
"X1ry_res_Owner","Housing","2022-01-23",1.248,1.245,1.25,TRUE,1.06536138876245
"X1ry_res_Tenant","Housing","2022-01-23",0.899,0.897,0.9,TRUE,1.06536138876245
"X1ry_res_Social","Housing","2022-01-23",0.929,0.927,0.931,TRUE,1.06536138876245
"X1ry_res_FreeAcc","Housing","2022-01-23",0.791,0.789,0.792,TRUE,1.06536138876245
"X1ry_res_Carpark","Housing","2022-01-23",1.16,1.158,1.162,TRUE,1.06536138876245
"X1ry_res_0car","Housing","2022-01-23",0.899,0.898,0.901,TRUE,1.06536138876245
"X1ry_res_1car","Housing","2022-01-23",0.867,0.865,0.868,TRUE,1.06536138876245
"Pop_per_1ry_res","Housing","2022-01-23",0.928,0.926,0.929,TRUE,1.06536138876245
"Pop_per_1ry_res_Tenant","Housing","2022-01-23",0.902,0.901,0.904,TRUE,1.06536138876245
"Pop_per_1ry_res_Social","Housing","2022-01-23",0.767,0.766,0.769,TRUE,1.06536138876245
"Pop_per_1ry_res_FreeAcc","Housing","2022-01-23",0.88,0.878,0.881,TRUE,1.06536138876245
"Owners_Occupancy","Housing","2022-01-23",1.139,1.136,1.141,TRUE,1.06536138876245
"Social_Occupancy","Housing","2022-01-23",0.961,0.959,0.963,FALSE,1.06536138876245
"FreeAcc_Occupancy","Housing","2022-01-23",0.887,0.886,0.889,TRUE,1.06536138876245
"Overcrowding_rate","Housing","2022-01-23",0.738,0.737,0.739,TRUE,1.06536138876245
"OtherNoFamily_HH","Family","2022-01-23",0.773,0.772,0.775,TRUE,1.06536138876245
"Family_HH","Family","2022-01-23",1.012,1.01,1.013,FALSE,1.06536138876245
"ChildFamily_HH","Family","2022-01-23",0.938,0.937,0.94,TRUE,1.06536138876245
"Farmer_HH","Family","2022-01-23",1.165,1.162,1.167,TRUE,1.06536138876245
"CraftsBusinessShopkeepers_HH","Family","2022-01-23",0.883,0.881,0.884,TRUE,1.06536138876245
"HighQualidied_HH","Family","2022-01-23",0.975,0.973,0.977,FALSE,1.06536138876245
"Intermediate_HH","Family","2022-01-23",1.018,1.016,1.02,FALSE,1.06536138876245
"BlueCollar_HH","Family","2022-01-23",1.051,1.05,1.053,FALSE,1.06536138876245
"Other_HH","Family","2022-01-23",0.829,0.827,0.831,TRUE,1.06536138876245
"X15._SinglePerson_HH","Family","2022-01-23",0.822,0.82,0.823,TRUE,1.06536138876245
"Pop_SingleParent_HH","Family","2022-01-23",0.785,0.784,0.787,TRUE,1.06536138876245
"Pop_WhiteCollar_HH","Family","2022-01-23",0.845,0.844,0.847,TRUE,1.06536138876245
"X1524_amg_15.POP","Family","2022-01-23",1.02,1.018,1.021,FALSE,1.06536138876245
"X15._Single_amg_POP","Family","2022-01-23",0.829,0.828,0.831,TRUE,1.06536138876245
"X15._Married_amg_POP","Family","2022-01-23",1.101,1.099,1.103,TRUE,1.06536138876245
"X1524_amg_Single","Family","2022-01-23",0.995,0.993,0.997,FALSE,1.06536138876245
"X2554_amg_Single","Family","2022-01-23",0.913,0.911,0.914,TRUE,1.06536138876245
"X5579_amg_Single","Family","2022-01-23",1.018,1.016,1.02,FALSE,1.06536138876245
"X80._amg_Single","Family","2022-01-23",1.198,1.196,1.2,TRUE,1.06536138876245
"Family_w_Children_amg_HH","Family","2022-01-23",0.853,0.851,0.854,TRUE,1.06536138876245
"X0014_amg_POP","Population","2022-01-23",0.955,0.954,0.957,FALSE,1.06536138876245
"X4559_amg_POP","Population","2022-01-23",1.047,1.045,1.049,FALSE,1.06536138876245
"Men","Population","2022-01-23",1.031,1.029,1.032,FALSE,1.06536138876245
"X2064_amg_POP","Population","2022-01-23",1.001,0.999,1.003,FALSE,1.06536138876245
"X15._men_WhiteCollar_amg_mPOP","Population","2022-01-23",0.845,0.843,0.846,TRUE,1.06536138876245
"X15._men_OtherNoActivity_amg_POP","Population","2022-01-23",0.853,0.852,0.855,TRUE,1.06536138876245
"X15._women_CraftsBusinessShopkeeper_amg_wPOP","Population","2022-01-23",0.952,0.95,0.954,FALSE,1.06536138876245
"X15._women_WhiteCollar_amg_wPOP","Population","2022-01-23",0.926,0.925,0.928,TRUE,1.06536138876245
"Abstention","Elections","2022-01-23",0.757,0.756,0.759,TRUE,1.06536138876245
"LePen","Elections","2022-01-23",0.893,0.892,0.895,TRUE,1.06536138876245
"Melenchon","Elections","2022-01-23",0.868,0.867,0.87,TRUE,1.06536138876245
"Macron","Elections","2022-01-23",1.217,1.215,1.219,TRUE,1.06536138876245
"Fillon","Elections","2022-01-23",1.128,1.126,1.13,TRUE,1.06536138876245
"DupontAignan","Elections","2022-01-23",1.143,1.141,1.145,TRUE,1.06536138876245
"Lassalle","Elections","2022-01-23",0.908,0.907,0.91,TRUE,1.06536138876245
"Hamon","Elections","2022-01-23",1.077,1.075,1.079,TRUE,1.06536138876245
"Asselineau","Elections","2022-01-23",0.712,0.711,0.713,TRUE,1.06536138876245
"Poutou","Elections","2022-01-23",1.142,1.14,1.144,TRUE,1.06536138876245
"Arthaud","Elections","2022-01-23",1.249,1.247,1.251,TRUE,1.06536138876245
"Cheminade","Elections","2022-01-23",0.981,0.98,0.983,FALSE,1.06536138876245
"latitude","Geography","2022-01-23",1.264,1.262,1.266,TRUE,1.06536138876245
"longitude","Geography","2022-01-23",0.794,0.793,0.795,TRUE,1.06536138876245
"distanceParis","Geography","2022-01-23",0.807,0.805,0.808,TRUE,1.06536138876245
"SO.NE","Geography","2022-01-23",1.036,1.034,1.037,FALSE,1.06536138876245
"NO.SE","Geography","2022-01-23",0.746,0.745,0.747,TRUE,1.06536138876245
"densite","Geography","2022-01-23",1.061,1.059,1.064,FALSE,1.06536138876245
"Wk_Res_Municipality","Activity","2022-02-20",0.984,0.982,0.986,FALSE,1.06540250866234
"Wk_Res_County.Municipality","Activity","2022-02-20",1.225,1.223,1.227,TRUE,1.06540250866234
"Wk_Res_Region.County","Activity","2022-02-20",0.99,0.988,0.991,FALSE,1.06540250866234
"Wk_Res_Country.Region","Activity","2022-02-20",1.21,1.208,1.212,TRUE,1.06540250866234
"Wk_Dom_Com_Abroad","Activity","2022-02-20",0.929,0.928,0.931,TRUE,1.06540250866234
"noTransport_toWk","Activity","2022-02-20",1.142,1.14,1.144,TRUE,1.06540250866234
"Walk_toWk","Activity","2022-02-20",0.952,0.951,0.954,FALSE,1.06540250866234
"Bike_toWk","Activity","2022-02-20",1.076,1.074,1.078,TRUE,1.06540250866234
"Motorbike_toWk","Activity","2022-02-20",0.974,0.973,0.976,FALSE,1.06540250866234
"Drive_toWk","Activity","2022-02-20",1.12,1.118,1.122,TRUE,1.06540250866234
"D1_st_Living","Income","2022-02-20",1.303,1.3,1.305,TRUE,1.06540250866234
"D9_st_Living","Income","2022-02-20",1.036,1.034,1.037,FALSE,1.06540250866234
"Interdecile_91_Ratio","Income","2022-02-20",0.749,0.748,0.751,TRUE,1.06540250866234
"Taxable_HH","Income","2022-02-20",1.096,1.094,1.098,TRUE,1.06540250866234
"Poverty_amg_Tenants","Income","2022-02-20",0.828,0.827,0.83,TRUE,1.06540250866234
"Activity_Income","Income","2022-02-20",0.995,0.994,0.997,FALSE,1.06540250866234
"Unemployment_Benef","Income","2022-02-20",0.717,0.716,0.718,TRUE,1.06540250866234
"Self.Employment","Income","2022-02-20",1.015,1.013,1.017,FALSE,1.06540250866234
"Pensions_Annuities","Income","2022-02-20",1.066,1.064,1.068,TRUE,1.06540250866234
"Estate","Income","2022-02-20",1.001,0.999,1.003,FALSE,1.06540250866234
"Family_Benef","Income","2022-02-20",0.927,0.926,0.929,TRUE,1.06540250866234
"Housing_Benef","Income","2022-02-20",0.838,0.837,0.839,TRUE,1.06540250866234
"Tax","Income","2022-02-20",0.997,0.995,0.998,FALSE,1.06540250866234
"X0205_School","Education","2022-02-20",1.193,1.191,1.196,TRUE,1.06540250866234
"X0610_School","Education","2022-02-20",1.147,1.145,1.149,TRUE,1.06540250866234
"X1114_School","Education","2022-02-20",1.174,1.172,1.176,TRUE,1.06540250866234
"X1517_School","Education","2022-02-20",1.209,1.207,1.211,TRUE,1.06540250866234
"X1824_School","Education","2022-02-20",0.972,0.971,0.974,FALSE,1.06540250866234
"X2529_School","Education","2022-02-20",0.898,0.897,0.9,TRUE,1.06540250866234
"X30._School","Education","2022-02-20",0.812,0.81,0.813,TRUE,1.06540250866234
"X15._CertifGeneEducation_amg_WF","Education","2022-02-20",0.874,0.872,0.875,TRUE,1.06540250866234
"X15._HighSchoolGraduate_amg_WF","Education","2022-02-20",0.877,0.875,0.878,TRUE,1.06540250866234
"X15._HSG.2_amg_WF","Education","2022-02-20",1.096,1.094,1.098,TRUE,1.06540250866234
"X15._men_NoDiploma_amg_mWF","Education","2022-02-20",0.859,0.858,0.86,TRUE,1.06540250866234
"X15._men_VocationalGraduate_amg_mWF","Education","2022-02-20",1.25,1.248,1.252,TRUE,1.06540250866234
"X15._MenOnWomen_NoDiploma","Education","2022-02-20",0.756,0.755,0.757,TRUE,1.06540250866234
"X15._MenOnWomen_VocationalGraduate","Education","2022-02-20",1.162,1.159,1.164,TRUE,1.06540250866234
"X15._MenOnWomen_HighSchoolGraduate","Education","2022-02-20",1.122,1.12,1.124,TRUE,1.06540250866234
"X15._MenOnWomen_HighEducation","Education","2022-02-20",1.056,1.054,1.057,FALSE,1.06540250866234
"X1564_men_Workforce_rate","Employment","2022-02-20",1.062,1.06,1.064,FALSE,1.06540250866234
"X1524_men_Workforce_rate","Employment","2022-02-20",1.083,1.081,1.085,TRUE,1.06540250866234
"X5564_men_Workforce_rate","Employment","2022-02-20",0.85,0.848,0.851,TRUE,1.06540250866234
"X1524_women_Workforce_rate","Employment","2022-02-20",1.076,1.074,1.077,TRUE,1.06540250866234
"X2554_women_Workforce_rate","Employment","2022-02-20",1.327,1.325,1.33,TRUE,1.06540250866234
"X5564_women_Workforce_rate","Employment","2022-02-20",0.939,0.938,0.941,FALSE,1.06540250866234
"X1564_Employed_rate_amg_WF","Employment","2022-02-20",1.25,1.248,1.252,TRUE,1.06540250866234
"X1524_Employed_rate_amg_WF","Employment","2022-02-20",1.208,1.206,1.21,TRUE,1.06540250866234
"X5564_Employed_rate_amg_WF","Employment","2022-02-20",1.245,1.243,1.247,TRUE,1.06540250866234
"X1524_women_Employed_rate_amg_WF","Employment","2022-02-20",1.168,1.166,1.17,TRUE,1.06540250866234
"X1564_Student_amg_WF","Employment","2022-02-20",0.997,0.995,0.999,FALSE,1.06540250866234
"X1564_Student_amg_NW","Employment","2022-02-20",1.077,1.075,1.079,TRUE,1.06540250866234
"X1564_Retired_amg_NW","Employment","2022-02-20",1.31,1.307,1.312,TRUE,1.06540250866234
"X1564_OtherInactive_amg_NW","Employment","2022-02-20",0.784,0.782,0.785,TRUE,1.06540250866234
"X1564_CraftsBusinessShopkeepers_amg_WF","Employment","2022-02-20",0.912,0.911,0.914,TRUE,1.06540250866234
"X1564_HihgQualWorkers_amg_WF","Employment","2022-02-20",0.863,0.861,0.864,TRUE,1.06540250866234
"X1564_IntermediateProf_amg_WF","Employment","2022-02-20",0.855,0.853,0.856,TRUE,1.06540250866234
"X1564_BlueCollar_amg_WF","Employment","2022-02-20",1.203,1.201,1.205,TRUE,1.06540250866234
"X1564_WhiteCollar_amg_WF","Employment","2022-02-20",0.926,0.925,0.928,TRUE,1.06540250866234
"X1564_WhiteCollar_amg_EmpWF","Employment","2022-02-20",0.882,0.881,0.884,TRUE,1.06540250866234
"X15._men_amg_empWF","Employment","2022-02-20",1.162,1.16,1.164,TRUE,1.06540250866234
"X15._FullTime_amg_empWF","Employment","2022-02-20",1.036,1.035,1.038,FALSE,1.06540250866234
"X15._men_amg_salWF","Employment","2022-02-20",0.926,0.924,0.927,TRUE,1.06540250866234
"X15._men_amg_nonsalWF","Employment","2022-02-20",0.988,0.987,0.99,FALSE,1.06540250866234
"X15._men_amg_FullTimeWF","Employment","2022-02-20",1.076,1.075,1.078,TRUE,1.06540250866234
"Immigrant","Immigration","2022-02-20",0.713,0.712,0.714,TRUE,1.06540250866234
"X1ry_res","Housing","2022-02-20",1.024,1.022,1.026,FALSE,1.06540250866234
"Vacant_Home","Housing","2022-02-20",0.997,0.995,0.999,FALSE,1.06540250866234
"Flat_1ry_res","Housing","2022-02-20",0.789,0.787,0.79,TRUE,1.06540250866234
"X1ry_res_bf_1919","Housing","2022-02-20",1.133,1.131,1.135,TRUE,1.06540250866234
"X1ry_res_19.45","Housing","2022-02-20",1.033,1.031,1.034,FALSE,1.06540250866234
"X1ry_res_46.70","Housing","2022-02-20",0.917,0.915,0.918,TRUE,1.06540250866234
"X1ry_res_71.90","Housing","2022-02-20",1.01,1.009,1.012,FALSE,1.06540250866234
"X1ry_res_91.05","Housing","2022-02-20",0.995,0.994,0.997,FALSE,1.06540250866234
"X1ry_res_06.15","Housing","2022-02-20",0.962,0.96,0.964,FALSE,1.06540250866234
"HH_Moving_Time_lt2y","Housing","2022-02-20",0.901,0.899,0.903,TRUE,1.06540250866234
"HH_Moving_Time_2to4y","Housing","2022-02-20",0.816,0.814,0.818,TRUE,1.06540250866234
"HH_Moving_Time_5to9y","Housing","2022-02-20",0.814,0.813,0.815,TRUE,1.06540250866234
"HH_Moving_Time_10to19y","Housing","2022-02-20",0.983,0.981,0.984,FALSE,1.06540250866234
"HH_Moving_Time_20to29y","Housing","2022-02-20",0.999,0.997,1.001,FALSE,1.06540250866234
"HH_Moving_Time_gt30y","Housing","2022-02-20",1.222,1.22,1.224,TRUE,1.06540250866234
"X1ry_res_Owner","Housing","2022-02-20",1.247,1.244,1.249,TRUE,1.06540250866234
"X1ry_res_Tenant","Housing","2022-02-20",0.9,0.898,0.901,TRUE,1.06540250866234
"X1ry_res_Social","Housing","2022-02-20",0.93,0.928,0.931,TRUE,1.06540250866234
"X1ry_res_FreeAcc","Housing","2022-02-20",0.791,0.789,0.792,TRUE,1.06540250866234
"X1ry_res_Carpark","Housing","2022-02-20",1.158,1.156,1.16,TRUE,1.06540250866234
"X1ry_res_0car","Housing","2022-02-20",0.901,0.899,0.902,TRUE,1.06540250866234
"X1ry_res_1car","Housing","2022-02-20",0.868,0.866,0.869,TRUE,1.06540250866234
"Pop_per_1ry_res","Housing","2022-02-20",0.927,0.925,0.928,TRUE,1.06540250866234
"Pop_per_1ry_res_Tenant","Housing","2022-02-20",0.902,0.901,0.904,TRUE,1.06540250866234
"Pop_per_1ry_res_Social","Housing","2022-02-20",0.767,0.766,0.769,TRUE,1.06540250866234
"Pop_per_1ry_res_FreeAcc","Housing","2022-02-20",0.879,0.878,0.881,TRUE,1.06540250866234
"Owners_Occupancy","Housing","2022-02-20",1.141,1.138,1.143,TRUE,1.06540250866234
"Social_Occupancy","Housing","2022-02-20",0.962,0.96,0.965,FALSE,1.06540250866234
"FreeAcc_Occupancy","Housing","2022-02-20",0.888,0.886,0.89,TRUE,1.06540250866234
"Overcrowding_rate","Housing","2022-02-20",0.738,0.737,0.74,TRUE,1.06540250866234
"OtherNoFamily_HH","Family","2022-02-20",0.773,0.772,0.775,TRUE,1.06540250866234
"Family_HH","Family","2022-02-20",1.011,1.009,1.013,FALSE,1.06540250866234
"ChildFamily_HH","Family","2022-02-20",0.937,0.935,0.938,TRUE,1.06540250866234
"Farmer_HH","Family","2022-02-20",1.164,1.162,1.166,TRUE,1.06540250866234
"CraftsBusinessShopkeepers_HH","Family","2022-02-20",0.882,0.88,0.883,TRUE,1.06540250866234
"HighQualidied_HH","Family","2022-02-20",0.974,0.972,0.976,FALSE,1.06540250866234
"Intermediate_HH","Family","2022-02-20",1.017,1.015,1.019,FALSE,1.06540250866234
"BlueCollar_HH","Family","2022-02-20",1.051,1.049,1.053,FALSE,1.06540250866234
"Other_HH","Family","2022-02-20",0.831,0.829,0.832,TRUE,1.06540250866234
"X15._SinglePerson_HH","Family","2022-02-20",0.823,0.821,0.824,TRUE,1.06540250866234
"Pop_SingleParent_HH","Family","2022-02-20",0.786,0.785,0.788,TRUE,1.06540250866234
"Pop_WhiteCollar_HH","Family","2022-02-20",0.847,0.846,0.849,TRUE,1.06540250866234
"X1524_amg_15.POP","Family","2022-02-20",1.02,1.018,1.022,FALSE,1.06540250866234
"X15._Single_amg_POP","Family","2022-02-20",0.83,0.828,0.831,TRUE,1.06540250866234
"X15._Married_amg_POP","Family","2022-02-20",1.099,1.097,1.101,TRUE,1.06540250866234
"X1524_amg_Single","Family","2022-02-20",0.995,0.993,0.997,FALSE,1.06540250866234
"X2554_amg_Single","Family","2022-02-20",0.912,0.91,0.914,TRUE,1.06540250866234
"X5579_amg_Single","Family","2022-02-20",1.018,1.016,1.02,FALSE,1.06540250866234
"X80._amg_Single","Family","2022-02-20",1.198,1.196,1.2,TRUE,1.06540250866234
"Family_w_Children_amg_HH","Family","2022-02-20",0.853,0.851,0.854,TRUE,1.06540250866234
"X0014_amg_POP","Population","2022-02-20",0.955,0.953,0.956,FALSE,1.06540250866234
"X4559_amg_POP","Population","2022-02-20",1.046,1.044,1.048,FALSE,1.06540250866234
"Men","Population","2022-02-20",1.029,1.027,1.031,FALSE,1.06540250866234
"X2064_amg_POP","Population","2022-02-20",1,0.998,1.002,FALSE,1.06540250866234
"X15._men_WhiteCollar_amg_mPOP","Population","2022-02-20",0.846,0.845,0.848,TRUE,1.06540250866234
"X15._men_OtherNoActivity_amg_POP","Population","2022-02-20",0.854,0.853,0.856,TRUE,1.06540250866234
"X15._women_CraftsBusinessShopkeeper_amg_wPOP","Population","2022-02-20",0.952,0.95,0.953,FALSE,1.06540250866234
"X15._women_WhiteCollar_amg_wPOP","Population","2022-02-20",0.926,0.924,0.927,TRUE,1.06540250866234
"Abstention","Elections","2022-02-20",0.758,0.757,0.759,TRUE,1.06540250866234
"LePen","Elections","2022-02-20",0.895,0.893,0.896,TRUE,1.06540250866234
"Melenchon","Elections","2022-02-20",0.869,0.868,0.87,TRUE,1.06540250866234
"Macron","Elections","2022-02-20",1.215,1.213,1.217,TRUE,1.06540250866234
"Fillon","Elections","2022-02-20",1.127,1.125,1.129,TRUE,1.06540250866234
"DupontAignan","Elections","2022-02-20",1.142,1.14,1.144,TRUE,1.06540250866234
"Lassalle","Elections","2022-02-20",0.908,0.907,0.91,TRUE,1.06540250866234
"Hamon","Elections","2022-02-20",1.076,1.075,1.078,TRUE,1.06540250866234
"Asselineau","Elections","2022-02-20",0.712,0.71,0.713,TRUE,1.06540250866234
"Poutou","Elections","2022-02-20",1.142,1.14,1.144,TRUE,1.06540250866234
"Arthaud","Elections","2022-02-20",1.25,1.248,1.252,TRUE,1.06540250866234
"Cheminade","Elections","2022-02-20",0.981,0.979,0.982,FALSE,1.06540250866234
"latitude","Geography","2022-02-20",1.263,1.261,1.265,TRUE,1.06540250866234
"longitude","Geography","2022-02-20",0.794,0.793,0.796,TRUE,1.06540250866234
"distanceParis","Geography","2022-02-20",0.807,0.806,0.809,TRUE,1.06540250866234
"SO.NE","Geography","2022-02-20",1.033,1.031,1.035,FALSE,1.06540250866234
"NO.SE","Geography","2022-02-20",0.746,0.745,0.747,TRUE,1.06540250866234
"densite","Geography","2022-02-20",1.062,1.06,1.064,FALSE,1.06540250866234
